{
    "Version": "2012-10-17",
    "Statement": [
        {
            "Effect": "Allow",
            "Action": [
                "acm:DescribeCertificate",
                "acm:ListCertificates",
                "acm:GetCertificate"
            ],
            "Resource": "*"
        },
        {
            "Effect": "Allow",
            "Action": [
                "ec2:AuthorizeSecurityGroupIngress",
                "ec2:CreateSecurityGroup",
                "ec2:CreateTags",
                "ec2:DeleteTags",
                "ec2:DeleteSecurityGroup",
                "ec2:DescribeAccountAttributes",
                "ec2:DescribeAddresses",
                "ec2:DescribeInstances",
                "ec2:DescribeInstanceStatus",
                "ec2:DescribeInternetGateways",
                "ec2:DescribeNetworkInterfaces",
                "ec2:DescribeSecurityGroups",
                "ec2:DescribeSubnets",
                "ec2:DescribeTags",
                "ec2:DescribeVpcs",
                "ec2:ModifyInstanceAttribute",
                "ec2:ModifyNetworkInterfaceAttribute",
                "ec2:RevokeSecurityGroupIngress"
            ],
            "Resource": "*"
        },
        {
            "Effect": "Allow",
            "Action": [
                "elasticloadbalancing:*"
            ],
            "Resource": "*"
        },
        {
            "Effect": "Allow",
            "Action": [
                "iam:CreateServiceLinkedRole",
                "iam:GetServerCertificate",
                "iam:ListServerCertificates"
            ],
            "Resource": "*"
        },
        {
            "Effect": "Allow",
            "Action": [
                "cognito-idp:DescribeUserPoolClient"
            ],
            "Resource": "*"
        },
        {
            "Effect": "Allow",
            "Action": [
                "waf-regional:GetWebACLForResource",
                "waf-regional:GetWebACL",
                "waf-regional:AssociateWebACL",
                "waf-regional:DisassociateWebACL"
            ],
            "Resource": "*"
        },
        {
            "Effect": "Allow",
            "Action": [
                "tag:GetResources",
                "tag:TagResources"
            ],
            "Resource": "*"
        },
        {
            "Effect": "Allow",
            "Action": [
                "waf:GetWebACL"
            ],
            "Resource": "*"
        },
        {
            "Effect": "Allow",
            "Action": [
                "wafv2:GetWebACL",
                "wafv2:GetWebACLForResource",
                "wafv2:AssociateWebACL",
                "wafv2:DisassociateWebACL"
            ],
            "Resource": "*"
        },
        {
            "Effect": "Allow",
            "Action": [
                "shield:DescribeProtection",
                "shield:GetSubscriptionState",
                "shield:DeleteProtection",
                "shield:CreateProtection",
                "shield:DescribeSubscription",
                "shield:ListProtections"
            ],
            "Resource": "*"
        }
    ]
}